xmodel,free_packapunch
xmodel,powerup_money
xmodelmesh,bo2_zombie_money69fc709a
xmodelmesh,pack_a_punch96eb4d2
material,mc/mtl_x2icon_gold
material,specialty_ads_zombies
material,specialty_three_guns_zombies
techset,2d_blend#da7372ff
techset,mc/lit_advanced#e6142445
image,$black_color
image,$gray_32_one_channel
image,$identitynormalmap
image,$specular_mask
image,$white_ao
image,i_specialty_ads_zombies
image,i_specialty_three_guns_zombies
image,img_loadscreen_zm_factory
image,metal_gold_g
image,t7_gfl_notification_hk416_gloomy
image,t7_menu_zm_loadscreen_bus_depot
image,t7_menu_zm_loadscreen_castle
image,t7_menu_zm_loadscreen_classified
image,t7_menu_zm_loadscreen_cosmodrome
image,t7_menu_zm_loadscreen_cotd
image,t7_menu_zm_loadscreen_dlc3
image,t7_menu_zm_loadscreen_genesis
image,t7_menu_zm_loadscreen_giant
image,t7_menu_zm_loadscreen_island
image,t7_menu_zm_loadscreen_moon
image,t7_menu_zm_loadscreen_prototype
image,t7_menu_zm_loadscreen_sanctuary
image,t7_menu_zm_loadscreen_sumpf
image,t7_menu_zm_loadscreen_theater
image,t7_menu_zm_loadscreen_tomb
image,t7_menu_zm_loadscreen_tuvong
image,t7_menu_zm_loadscreen_wing
image,t7_menu_zm_loadscreen_zod
image,uie_t7_zm_hud_score_an94
image,uie_t7_zm_hud_score_centaureissi
image,uie_t7_zm_hud_score_char1
image,uie_t7_zm_hud_score_char1_gold_helmet
image,uie_t7_zm_hud_score_char1_helmet
image,uie_t7_zm_hud_score_char1_mask
image,uie_t7_zm_hud_score_char1_old
image,uie_t7_zm_hud_score_char1_old_helmet
image,uie_t7_zm_hud_score_char2
image,uie_t7_zm_hud_score_char2_gold_helmet
image,uie_t7_zm_hud_score_char2_helmet
image,uie_t7_zm_hud_score_char2_mask
image,uie_t7_zm_hud_score_char2_old
image,uie_t7_zm_hud_score_char2_old_helmet
image,uie_t7_zm_hud_score_char3
image,uie_t7_zm_hud_score_char3_gold_helmet
image,uie_t7_zm_hud_score_char3_helmet
image,uie_t7_zm_hud_score_char3_mask
image,uie_t7_zm_hud_score_char3_old
image,uie_t7_zm_hud_score_char3_old_helmet
image,uie_t7_zm_hud_score_char4
image,uie_t7_zm_hud_score_char4_gold_helmet
image,uie_t7_zm_hud_score_char4_helmet
image,uie_t7_zm_hud_score_char4_mask
image,uie_t7_zm_hud_score_char4_old
image,uie_t7_zm_hud_score_char4_old_helmet
image,uie_t7_zm_hud_score_char5
image,uie_t7_zm_hud_score_char5_gold_helmet
image,uie_t7_zm_hud_score_char5_helmet
image,uie_t7_zm_hud_score_char5_mask
image,uie_t7_zm_hud_score_char6
image,uie_t7_zm_hud_score_char6_gold_helmet
image,uie_t7_zm_hud_score_char6_helmet
image,uie_t7_zm_hud_score_char6_mask
image,uie_t7_zm_hud_score_char7
image,uie_t7_zm_hud_score_char7_gold_helmet
image,uie_t7_zm_hud_score_char7_helmet
image,uie_t7_zm_hud_score_char7_mask
image,uie_t7_zm_hud_score_char8
image,uie_t7_zm_hud_score_char8_gold_helmet
image,uie_t7_zm_hud_score_char8_helmet
image,uie_t7_zm_hud_score_char8_mask
image,uie_t7_zm_hud_score_dima
image,uie_t7_zm_hud_score_dreamer
image,uie_t7_zm_hud_score_g36c
image,uie_t7_zm_hud_score_guard
image,uie_t7_zm_hud_score_lenna
image,uie_t7_zm_hud_score_m4a1
image,uie_t7_zm_hud_score_macqiato
image,uie_t7_zm_hud_score_ouroboros
image,uie_t7_zm_hud_score_rfb
image,uie_t7_zm_hud_score_ripper
image,uie_t7_zm_hud_score_ro635
image,uie_t7_zm_hud_score_st_ar15
image,uie_t7_zm_hud_score_tac50
image,uie_t7_zm_hud_score_vespid
image,uie_ui_icon_minimap_zm_ai_boss
image,uie_ui_icon_minimap_zm_ai_elite
image,uie_ui_icon_minimap_zm_ai_normal
image,uie_ui_icon_minimap_zm_ai_special
sound,zm_mod
rawfile,dummy.cfg
rawfile,ui/uieditor/menus/startmenu/h1startmenu_gameoptions_zm.lua
rawfile,ui/uieditor/menus/startmenu/iw7startmenu_gameoptions_zm.lua
rawfile,ui/uieditor/menus/startmenu/s4startmenu_gameoptions_zm.lua
rawfile,ui/uieditor/menus/startmenu/t6startmenu_gameoptions_zm.lua
rawfile,ui/uieditor/widgets/startmenu/startmenu_gameoptions_kf2.lua
scriptparsetree,scripts/_nsz/nsz_powerup_money.csc
scriptparsetree,scripts/_nsz/nsz_powerup_money.gsc
scriptparsetree,scripts/_zoekmemaar/custom_powerup_free_packapunch_with_time.csc
scriptparsetree,scripts/_zoekmemaar/custom_powerup_free_packapunch_with_time.gsc
scriptparsetree,scripts/gfl/zm/_aae_zombie_health_bar.csc
scriptparsetree,scripts/gfl/zm/_aae_zombie_health_bar.gsc
scriptparsetree,scripts/gfl/zm/bo4_carpenter.gsc
scriptparsetree,scripts/gfl/zm/character_mgr.csc
scriptparsetree,scripts/gfl/zm/character_mgr.gsc
scriptparsetree,scripts/gfl/zm/coldwar_scoreevent.gsc
scriptparsetree,scripts/gfl/zm/gameplay.csc
scriptparsetree,scripts/gfl/zm/gameplay.gsc
scriptparsetree,scripts/gfl/zm/magicboxshare.gsc
scriptparsetree,scripts/gfl/zm/mule_kick_indicator.gsc
scriptparsetree,scripts/gfl/zm/mule_kick_return.gsc
scriptparsetree,scripts/gfl/zm/perkplus.gsc
scriptparsetree,scripts/gfl/zm/t8_perkloss.gsc
scriptparsetree,scripts/gfl/zm/zm_bot.gsc
scriptparsetree,scripts/gfl/zm/zm_character.gsc
scriptparsetree,scripts/gfl/zm/zm_counter.gsc
scriptparsetree,scripts/gfl/zm/zm_sub.csc
scriptparsetree,scripts/gfl/zm/zm_sub.gsc
scriptparsetree,scripts/zm/_hb21_zm_hitmarkers.gsc
scriptparsetree,scripts/zm/_zm_bgb.csc
scriptparsetree,scripts/zm/_zm_bgb.gsc
scriptparsetree,scripts/zm/_zm_bgb_machine.csc
scriptparsetree,scripts/zm/_zm_bgb_machine.gsc
scriptparsetree,scripts/zm/_zm_ffotd.csc
scriptparsetree,scripts/zm/_zm_ffotd.gsc
scriptparsetree,scripts/zm/_zm_powerup_free_perk.csc
scriptparsetree,scripts/zm/_zm_powerup_free_perk.gsc
scriptparsetree,scripts/zm/_zm_weapons.csc
scriptparsetree,scripts/zm/_zm_weapons.gsc
scriptparsetree,scripts/zm/better_nuke.gsc
scriptparsetree,scripts/zm/bo4_full_ammo.gsc
scriptparsetree,scripts/zm/infinityloader.gsc
scriptparsetree,scripts/zm/roamer.gsc
scriptparsetree,scripts/zm/tfoptions.csc
scriptparsetree,scripts/zm/tfoptions.gsc
scriptparsetree,scripts/zm/ugxmods_timedgp.gsc
scriptparsetree,scripts/zm/zmsavedata.gsc
keyvaluepairs,zm_mod
